month,category,value
2013-02,Crypto/Web3,0.49
2013-02,AI/ML,2.3
2013-02,Hardware/Robotics,0.74
2013-02,Security,0.58
2013-02,Fintech,0.41
2013-02,Health/Biotech,3.04
2013-02,Climate/Energy,0.58
2013-02,Gaming,1.23
2013-02,Mobile,2.71
2013-02,Data/Analytics,1.15
2013-02,Devtools/Infra,1.48
2013-02,Other,3.13
2013-03,Crypto/Web3,0.59
2013-03,AI/ML,2.3
2013-03,Hardware/Robotics,1.04
2013-03,Security,0.37
2013-03,Fintech,0.67
2013-03,Health/Biotech,4.39
2013-03,Climate/Energy,0.15
2013-03,Gaming,2.23
2013-03,Mobile,2.68
2013-03,Data/Analytics,1.26
2013-03,Devtools/Infra,1.19
2013-03,Other,4.61
2013-04,Crypto/Web3,0.91
2013-04,AI/ML,2.51
2013-04,Hardware/Robotics,1.07
2013-04,Security,0.91
2013-04,Fintech,0.69
2013-04,Health/Biotech,5.25
2013-04,Climate/Energy,0.61
2013-04,Gaming,2.44
2013-04,Mobile,3.05
2013-04,Data/Analytics,1.29
2013-04,Devtools/Infra,2.06
2013-04,Other,5.33
2013-05,Crypto/Web3,0.53
2013-05,AI/ML,2.57
2013-05,Hardware/Robotics,1.66
2013-05,Security,0.91
2013-05,Fintech,0.23
2013-05,Health/Biotech,5.21
2013-05,Climate/Energy,0.45
2013-05,Gaming,1.74
2013-05,Mobile,2.94
2013-05,Data/Analytics,1.51
2013-05,Devtools/Infra,1.43
2013-05,Other,4.83
2013-06,Crypto/Web3,0.08
2013-06,AI/ML,2.2
2013-06,Hardware/Robotics,1.37
2013-06,Security,1.06
2013-06,Fintech,0.61
2013-06,Health/Biotech,3.87
2013-06,Climate/Energy,0.38
2013-06,Gaming,1.9
2013-06,Mobile,2.58
2013-06,Data/Analytics,0.3
2013-06,Devtools/Infra,1.67
2013-06,Other,3.8
2013-07,Crypto/Web3,0.22
2013-07,AI/ML,2.41
2013-07,Hardware/Robotics,1.17
2013-07,Security,0.58
2013-07,Fintech,0.8
2013-07,Health/Biotech,4.45
2013-07,Climate/Energy,0.66
2013-07,Gaming,2.04
2013-07,Mobile,2.19
2013-07,Data/Analytics,0.88
2013-07,Devtools/Infra,1.31
2013-07,Other,4.3
2013-08,Crypto/Web3,0.43
2013-08,AI/ML,2.31
2013-08,Hardware/Robotics,1.52
2013-08,Security,1.52
2013-08,Fintech,0.65
2013-08,Health/Biotech,4.48
2013-08,Climate/Energy,0.51
2013-08,Gaming,2.74
2013-08,Mobile,2.17
2013-08,Data/Analytics,1.08
2013-08,Devtools/Infra,1.08
2013-08,Other,3.61
2013-09,Crypto/Web3,0.3
2013-09,AI/ML,2.1
2013-09,Hardware/Robotics,1.42
2013-09,Security,0.82
2013-09,Fintech,0.45
2013-09,Health/Biotech,3.22
2013-09,Climate/Energy,0.22
2013-09,Gaming,1.12
2013-09,Mobile,1.87
2013-09,Data/Analytics,1.05
2013-09,Devtools/Infra,1.42
2013-09,Other,3.82
2013-10,Crypto/Web3,0.49
2013-10,AI/ML,2.3
2013-10,Hardware/Robotics,1.67
2013-10,Security,0.91
2013-10,Fintech,1.19
2013-10,Health/Biotech,5.79
2013-10,Climate/Energy,0.77
2013-10,Gaming,2.72
2013-10,Mobile,3.35
2013-10,Data/Analytics,1.47
2013-10,Devtools/Infra,2.16
2013-10,Other,6.7
2013-11,Crypto/Web3,0.43
2013-11,AI/ML,2.63
2013-11,Hardware/Robotics,1.07
2013-11,Security,0.5
2013-11,Fintech,0.92
2013-11,Health/Biotech,4.83
2013-11,Climate/Energy,0.43
2013-11,Gaming,0.99
2013-11,Mobile,2.77
2013-11,Data/Analytics,1.63
2013-11,Devtools/Infra,0.92
2013-11,Other,3.91
2013-12,Crypto/Web3,0.44
2013-12,AI/ML,1.98
2013-12,Hardware/Robotics,1.1
2013-12,Security,0.81
2013-12,Fintech,0.88
2013-12,Health/Biotech,4.25
2013-12,Climate/Energy,0.66
2013-12,Gaming,1.61
2013-12,Mobile,2.34
2013-12,Data/Analytics,0.81
2013-12,Devtools/Infra,0.88
2013-12,Other,3.44
2014-01,Crypto/Web3,0.22
2014-01,AI/ML,1.57
2014-01,Hardware/Robotics,0.9
2014-01,Security,0.75
2014-01,Fintech,0.6
2014-01,Health/Biotech,4.27
2014-01,Climate/Energy,0.52
2014-01,Gaming,0.97
2014-01,Mobile,1.57
2014-01,Data/Analytics,0.52
2014-01,Devtools/Infra,1.2
2014-01,Other,3.52
2014-02,Crypto/Web3,0.69
2014-02,AI/ML,3.22
2014-02,Hardware/Robotics,1.38
2014-02,Security,0.69
2014-02,Fintech,1.0
2014-02,Health/Biotech,5.98
2014-02,Climate/Energy,0.54
2014-02,Gaming,2.22
2014-02,Mobile,2.53
2014-02,Data/Analytics,1.3
2014-02,Devtools/Infra,1.38
2014-02,Other,4.22
2014-03,Crypto/Web3,0.47
2014-03,AI/ML,2.51
2014-03,Hardware/Robotics,1.15
2014-03,Security,0.68
2014-03,Fintech,1.09
2014-03,Health/Biotech,5.83
2014-03,Climate/Energy,0.47
2014-03,Gaming,1.56
2014-03,Mobile,2.98
2014-03,Data/Analytics,0.88
2014-03,Devtools/Infra,1.36
2014-03,Other,3.8
2014-04,Crypto/Web3,0.86
2014-04,AI/ML,3.39
2014-04,Hardware/Robotics,2.38
2014-04,Security,0.86
2014-04,Fintech,0.79
2014-04,Health/Biotech,5.62
2014-04,Climate/Energy,0.36
2014-04,Gaming,1.73
2014-04,Mobile,2.81
2014-04,Data/Analytics,1.3
2014-04,Devtools/Infra,1.95
2014-04,Other,3.39
2014-05,Crypto/Web3,0.67
2014-05,AI/ML,3.76
2014-05,Hardware/Robotics,2.43
2014-05,Security,1.42
2014-05,Fintech,1.84
2014-05,Health/Biotech,7.95
2014-05,Climate/Energy,1.09
2014-05,Gaming,2.76
2014-05,Mobile,3.51
2014-05,Data/Analytics,1.17
2014-05,Devtools/Infra,2.17
2014-05,Other,5.27
2014-06,Crypto/Web3,0.45
2014-06,AI/ML,3.14
2014-06,Hardware/Robotics,2.42
2014-06,Security,0.63
2014-06,Fintech,1.79
2014-06,Health/Biotech,5.83
2014-06,Climate/Energy,0.18
2014-06,Gaming,2.69
2014-06,Mobile,3.32
2014-06,Data/Analytics,1.35
2014-06,Devtools/Infra,3.41
2014-06,Other,5.56
2014-07,Crypto/Web3,1.01
2014-07,AI/ML,4.39
2014-07,Hardware/Robotics,3.04
2014-07,Security,1.77
2014-07,Fintech,1.27
2014-07,Health/Biotech,7.27
2014-07,Climate/Energy,0.68
2014-07,Gaming,2.37
2014-07,Mobile,4.06
2014-07,Data/Analytics,1.44
2014-07,Devtools/Infra,3.21
2014-07,Other,4.82
2014-08,Crypto/Web3,1.71
2014-08,AI/ML,5.7
2014-08,Hardware/Robotics,3.61
2014-08,Security,1.61
2014-08,Fintech,1.9
2014-08,Health/Biotech,11.11
2014-08,Climate/Energy,0.57
2014-08,Gaming,4.56
2014-08,Mobile,3.99
2014-08,Data/Analytics,1.8
2014-08,Devtools/Infra,2.85
2014-08,Other,5.89
2014-09,Crypto/Web3,1.07
2014-09,AI/ML,3.58
2014-09,Hardware/Robotics,2.06
2014-09,Security,1.25
2014-09,Fintech,0.99
2014-09,Health/Biotech,6.09
2014-09,Climate/Energy,0.18
2014-09,Gaming,2.06
2014-09,Mobile,2.6
2014-09,Data/Analytics,0.9
2014-09,Devtools/Infra,2.15
2014-09,Other,2.06
2014-10,Crypto/Web3,1.18
2014-10,AI/ML,3.64
2014-10,Hardware/Robotics,3.04
2014-10,Security,1.35
2014-10,Fintech,1.27
2014-10,Health/Biotech,6.68
2014-10,Climate/Energy,0.25
2014-10,Gaming,2.45
2014-10,Mobile,2.87
2014-10,Data/Analytics,1.35
2014-10,Devtools/Infra,2.11
2014-10,Other,3.47
2014-11,Crypto/Web3,0.55
2014-11,AI/ML,4.25
2014-11,Hardware/Robotics,2.03
2014-11,Security,1.29
2014-11,Fintech,1.85
2014-11,Health/Biotech,7.2
2014-11,Climate/Energy,0.55
2014-11,Gaming,2.22
2014-11,Mobile,3.23
2014-11,Data/Analytics,1.48
2014-11,Devtools/Infra,1.94
2014-11,Other,4.8
2014-12,Crypto/Web3,1.41
2014-12,AI/ML,5.2
2014-12,Hardware/Robotics,3.08
2014-12,Security,2.2
2014-12,Fintech,2.91
2014-12,Health/Biotech,8.64
2014-12,Climate/Energy,0.71
2014-12,Gaming,3.53
2014-12,Mobile,3.79
2014-12,Data/Analytics,1.76
2014-12,Devtools/Infra,2.29
2014-12,Other,5.29
2015-01,Crypto/Web3,0.33
2015-01,AI/ML,3.02
2015-01,Hardware/Robotics,1.63
2015-01,Security,0.82
2015-01,Fintech,1.22
2015-01,Health/Biotech,5.46
2015-01,Climate/Energy,0.41
2015-01,Gaming,1.96
2015-01,Mobile,2.28
2015-01,Data/Analytics,0.98
2015-01,Devtools/Infra,1.14
2015-01,Other,2.85
2015-02,Crypto/Web3,0.35
2015-02,AI/ML,5.47
2015-02,Hardware/Robotics,3.38
2015-02,Security,2.43
2015-02,Fintech,2.34
2015-02,Health/Biotech,9.8
2015-02,Climate/Energy,0.95
2015-02,Gaming,2.69
2015-02,Mobile,3.38
2015-02,Data/Analytics,2.78
2015-02,Devtools/Infra,3.12
2015-02,Other,6.07
2015-03,Crypto/Web3,0.65
2015-03,AI/ML,3.61
2015-03,Hardware/Robotics,2.02
2015-03,Security,2.31
2015-03,Fintech,1.88
2015-03,Health/Biotech,7.65
2015-03,Climate/Energy,0.79
2015-03,Gaming,2.96
2015-03,Mobile,3.75
2015-03,Data/Analytics,1.88
2015-03,Devtools/Infra,3.03
2015-03,Other,5.92
2015-04,Crypto/Web3,0.91
2015-04,AI/ML,5.67
2015-04,Hardware/Robotics,4.38
2015-04,Security,3.25
2015-04,Fintech,2.19
2015-04,Health/Biotech,10.12
2015-04,Climate/Energy,1.06
2015-04,Gaming,4.0
2015-04,Mobile,6.42
2015-04,Data/Analytics,3.4
2015-04,Devtools/Infra,4.83
2015-04,Other,10.12
2015-05,Crypto/Web3,0.98
2015-05,AI/ML,5.55
2015-05,Hardware/Robotics,3.23
2015-05,Security,2.33
2015-05,Fintech,2.55
2015-05,Health/Biotech,10.13
2015-05,Climate/Energy,1.58
2015-05,Gaming,3.15
2015-05,Mobile,4.73
2015-05,Data/Analytics,2.93
2015-05,Devtools/Infra,4.2
2015-05,Other,8.7
2015-06,Crypto/Web3,0.87
2015-06,AI/ML,5.07
2015-06,Hardware/Robotics,2.82
2015-06,Security,2.25
2015-06,Fintech,2.17
2015-06,Health/Biotech,7.75
2015-06,Climate/Energy,1.23
2015-06,Gaming,3.55
2015-06,Mobile,4.13
2015-06,Data/Analytics,2.75
2015-06,Devtools/Infra,3.19
2015-06,Other,6.66
2015-07,Crypto/Web3,1.22
2015-07,AI/ML,6.0
2015-07,Hardware/Robotics,3.93
2015-07,Security,2.64
2015-07,Fintech,3.0
2015-07,Health/Biotech,10.29
2015-07,Climate/Energy,1.29
2015-07,Gaming,4.57
2015-07,Mobile,5.86
2015-07,Data/Analytics,2.86
2015-07,Devtools/Infra,4.57
2015-07,Other,7.29
2015-08,Crypto/Web3,1.37
2015-08,AI/ML,6.94
2015-08,Hardware/Robotics,5.19
2015-08,Security,3.97
2015-08,Fintech,2.14
2015-08,Health/Biotech,10.68
2015-08,Climate/Energy,1.53
2015-08,Gaming,5.19
2015-08,Mobile,6.26
2015-08,Data/Analytics,3.28
2015-08,Devtools/Infra,4.88
2015-08,Other,8.55
2015-09,Crypto/Web3,0.97
2015-09,AI/ML,6.85
2015-09,Hardware/Robotics,4.84
2015-09,Security,2.74
2015-09,Fintech,2.18
2015-09,Health/Biotech,10.96
2015-09,Climate/Energy,1.29
2015-09,Gaming,4.67
2015-09,Mobile,5.96
2015-09,Data/Analytics,2.82
2015-09,Devtools/Infra,4.67
2015-09,Other,8.38
2015-10,Crypto/Web3,0.72
2015-10,AI/ML,4.48
2015-10,Hardware/Robotics,4.19
2015-10,Security,2.74
2015-10,Fintech,2.53
2015-10,Health/Biotech,8.45
2015-10,Climate/Energy,1.01
2015-10,Gaming,3.68
2015-10,Mobile,4.84
2015-10,Data/Analytics,2.53
2015-10,Devtools/Infra,4.12
2015-10,Other,5.56
2015-11,Crypto/Web3,0.68
2015-11,AI/ML,6.09
2015-11,Hardware/Robotics,3.91
2015-11,Security,3.83
2015-11,Fintech,2.18
2015-11,Health/Biotech,9.54
2015-11,Climate/Energy,0.98
2015-11,Gaming,3.83
2015-11,Mobile,5.56
2015-11,Data/Analytics,2.63
2015-11,Devtools/Infra,5.11
2015-11,Other,8.49
2015-12,Crypto/Web3,0.45
2015-12,AI/ML,4.57
2015-12,Hardware/Robotics,1.65
2015-12,Security,1.12
2015-12,Fintech,1.12
2015-12,Health/Biotech,5.32
2015-12,Climate/Energy,0.6
2015-12,Gaming,2.32
2015-12,Mobile,2.85
2015-12,Data/Analytics,1.5
2015-12,Devtools/Infra,2.4
2015-12,Other,2.92
2016-01,Crypto/Web3,0.53
2016-01,AI/ML,3.65
2016-01,Hardware/Robotics,1.86
2016-01,Security,1.66
2016-01,Fintech,0.93
2016-01,Health/Biotech,5.65
2016-01,Climate/Energy,0.6
2016-01,Gaming,2.06
2016-01,Mobile,1.99
2016-01,Data/Analytics,1.06
2016-01,Devtools/Infra,1.53
2016-01,Other,3.19
2016-02,Crypto/Web3,0.72
2016-02,AI/ML,5.11
2016-02,Hardware/Robotics,2.82
2016-02,Security,2.23
2016-02,Fintech,1.77
2016-02,Health/Biotech,9.38
2016-02,Climate/Energy,1.05
2016-02,Gaming,3.28
2016-02,Mobile,3.8
2016-02,Data/Analytics,2.23
2016-02,Devtools/Infra,4.26
2016-02,Other,5.84
2016-03,Crypto/Web3,0.92
2016-03,AI/ML,5.59
2016-03,Hardware/Robotics,3.44
2016-03,Security,2.09
2016-03,Fintech,1.84
2016-03,Health/Biotech,8.3
2016-03,Climate/Energy,0.92
2016-03,Gaming,3.32
2016-03,Mobile,3.87
2016-03,Data/Analytics,2.21
2016-03,Devtools/Infra,3.69
2016-03,Other,4.73
2016-04,Crypto/Web3,0.67
2016-04,AI/ML,4.92
2016-04,Hardware/Robotics,3.16
2016-04,Security,2.25
2016-04,Fintech,1.34
2016-04,Health/Biotech,7.78
2016-04,Climate/Energy,0.79
2016-04,Gaming,3.28
2016-04,Mobile,3.1
2016-04,Data/Analytics,1.76
2016-04,Devtools/Infra,2.98
2016-04,Other,4.01
2016-05,Crypto/Web3,0.47
2016-05,AI/ML,6.39
2016-05,Hardware/Robotics,2.96
2016-05,Security,2.31
2016-05,Fintech,1.48
2016-05,Health/Biotech,7.99
2016-05,Climate/Energy,0.83
2016-05,Gaming,3.14
2016-05,Mobile,3.73
2016-05,Data/Analytics,1.6
2016-05,Devtools/Infra,4.32
2016-05,Other,4.2
2016-06,Crypto/Web3,0.91
2016-06,AI/ML,6.69
2016-06,Hardware/Robotics,3.34
2016-06,Security,2.43
2016-06,Fintech,2.74
2016-06,Health/Biotech,8.88
2016-06,Climate/Energy,1.03
2016-06,Gaming,3.28
2016-06,Mobile,4.07
2016-06,Data/Analytics,2.13
2016-06,Devtools/Infra,4.74
2016-06,Other,6.57
2016-07,Crypto/Web3,0.79
2016-07,AI/ML,6.75
2016-07,Hardware/Robotics,3.24
2016-07,Security,2.78
2016-07,Fintech,2.05
2016-07,Health/Biotech,10.05
2016-07,Climate/Energy,0.73
2016-07,Gaming,3.24
2016-07,Mobile,3.51
2016-07,Data/Analytics,2.18
2016-07,Devtools/Infra,4.23
2016-07,Other,5.82
2016-08,Crypto/Web3,0.79
2016-08,AI/ML,7.23
2016-08,Hardware/Robotics,3.71
2016-08,Security,2.55
2016-08,Fintech,2.0
2016-08,Health/Biotech,9.42
2016-08,Climate/Energy,0.55
2016-08,Gaming,3.16
2016-08,Mobile,3.64
2016-08,Data/Analytics,1.94
2016-08,Devtools/Infra,4.07
2016-08,Other,5.65
2016-09,Crypto/Web3,0.86
2016-09,AI/ML,5.76
2016-09,Hardware/Robotics,2.96
2016-09,Security,2.45
2016-09,Fintech,2.0
2016-09,Health/Biotech,7.87
2016-09,Climate/Energy,0.4
2016-09,Gaming,2.0
2016-09,Mobile,2.57
2016-09,Data/Analytics,1.65
2016-09,Devtools/Infra,3.02
2016-09,Other,5.07
2016-10,Crypto/Web3,1.18
2016-10,AI/ML,5.92
2016-10,Hardware/Robotics,3.23
2016-10,Security,3.02
2016-10,Fintech,1.88
2016-10,Health/Biotech,7.91
2016-10,Climate/Energy,1.02
2016-10,Gaming,2.37
2016-10,Mobile,3.88
2016-10,Data/Analytics,2.05
2016-10,Devtools/Infra,3.39
2016-10,Other,6.41
2016-11,Crypto/Web3,0.88
2016-11,AI/ML,6.39
2016-11,Hardware/Robotics,2.55
2016-11,Security,1.66
2016-11,Fintech,1.51
2016-11,Health/Biotech,7.64
2016-11,Climate/Energy,0.52
2016-11,Gaming,2.34
2016-11,Mobile,3.33
2016-11,Data/Analytics,1.87
2016-11,Devtools/Infra,4.31
2016-11,Other,4.52
2016-12,Crypto/Web3,1.46
2016-12,AI/ML,4.95
2016-12,Hardware/Robotics,2.31
2016-12,Security,1.86
2016-12,Fintech,1.97
2016-12,Health/Biotech,6.52
2016-12,Climate/Energy,0.79
2016-12,Gaming,2.76
2016-12,Mobile,3.66
2016-12,Data/Analytics,2.08
2016-12,Devtools/Infra,3.26
2016-12,Other,4.05
2017-01,Crypto/Web3,0.8
2017-01,AI/ML,4.91
2017-01,Hardware/Robotics,2.61
2017-01,Security,1.45
2017-01,Fintech,1.5
2017-01,Health/Biotech,5.82
2017-01,Climate/Energy,0.4
2017-01,Gaming,1.91
2017-01,Mobile,1.91
2017-01,Data/Analytics,1.85
2017-01,Devtools/Infra,3.76
2017-01,Other,3.86
2017-02,Crypto/Web3,0.88
2017-02,AI/ML,5.7
2017-02,Hardware/Robotics,3.07
2017-02,Security,2.19
2017-02,Fintech,1.97
2017-02,Health/Biotech,8.43
2017-02,Climate/Energy,0.44
2017-02,Gaming,2.79
2017-02,Mobile,3.29
2017-02,Data/Analytics,2.46
2017-02,Devtools/Infra,4.27
2017-02,Other,5.2
2017-03,Crypto/Web3,0.88
2017-03,AI/ML,5.99
2017-03,Hardware/Robotics,3.29
2017-03,Security,1.52
2017-03,Fintech,1.62
2017-03,Health/Biotech,7.22
2017-03,Climate/Energy,0.59
2017-03,Gaming,1.92
2017-03,Mobile,2.6
2017-03,Data/Analytics,2.41
2017-03,Devtools/Infra,3.68
2017-03,Other,4.32
2017-04,Crypto/Web3,0.76
2017-04,AI/ML,7.57
2017-04,Hardware/Robotics,2.81
2017-04,Security,1.51
2017-04,Fintech,2.11
2017-04,Health/Biotech,7.35
2017-04,Climate/Energy,0.65
2017-04,Gaming,2.43
2017-04,Mobile,3.46
2017-04,Data/Analytics,1.46
2017-04,Devtools/Infra,3.68
2017-04,Other,4.65
2017-05,Crypto/Web3,0.94
2017-05,AI/ML,7.75
2017-05,Hardware/Robotics,2.88
2017-05,Security,1.94
2017-05,Fintech,2.71
2017-05,Health/Biotech,6.7
2017-05,Climate/Energy,0.61
2017-05,Gaming,2.6
2017-05,Mobile,3.38
2017-05,Data/Analytics,1.88
2017-05,Devtools/Infra,3.98
2017-05,Other,6.2
2017-06,Crypto/Web3,0.9
2017-06,AI/ML,8.18
2017-06,Hardware/Robotics,2.54
2017-06,Security,2.65
2017-06,Fintech,2.09
2017-06,Health/Biotech,7.95
2017-06,Climate/Energy,0.62
2017-06,Gaming,2.43
2017-06,Mobile,2.76
2017-06,Data/Analytics,2.48
2017-06,Devtools/Infra,3.16
2017-06,Other,5.42
2017-07,Crypto/Web3,1.05
2017-07,AI/ML,8.32
2017-07,Hardware/Robotics,3.25
2017-07,Security,1.98
2017-07,Fintech,1.43
2017-07,Health/Biotech,7.11
2017-07,Climate/Energy,0.39
2017-07,Gaming,2.31
2017-07,Mobile,2.81
2017-07,Data/Analytics,2.26
2017-07,Devtools/Infra,4.96
2017-07,Other,5.79
2017-08,Crypto/Web3,0.63
2017-08,AI/ML,7.45
2017-08,Hardware/Robotics,2.44
2017-08,Security,2.0
2017-08,Fintech,1.02
2017-08,Health/Biotech,6.77
2017-08,Climate/Energy,0.54
2017-08,Gaming,2.39
2017-08,Mobile,2.68
2017-08,Data/Analytics,1.8
2017-08,Devtools/Infra,3.61
2017-08,Other,3.85
2017-09,Crypto/Web3,1.68
2017-09,AI/ML,8.96
2017-09,Hardware/Robotics,2.83
2017-09,Security,2.51
2017-09,Fintech,1.78
2017-09,Health/Biotech,7.18
2017-09,Climate/Energy,0.47
2017-09,Gaming,2.04
2017-09,Mobile,2.51
2017-09,Data/Analytics,1.89
2017-09,Devtools/Infra,3.98
2017-09,Other,5.03
2017-10,Crypto/Web3,1.54
2017-10,AI/ML,8.64
2017-10,Hardware/Robotics,3.25
2017-10,Security,2.26
2017-10,Fintech,2.48
2017-10,Health/Biotech,7.43
2017-10,Climate/Energy,0.44
2017-10,Gaming,1.71
2017-10,Mobile,3.25
2017-10,Data/Analytics,1.93
2017-10,Devtools/Infra,4.51
2017-10,Other,4.62
2017-11,Crypto/Web3,1.96
2017-11,AI/ML,7.5
2017-11,Hardware/Robotics,3.59
2017-11,Security,1.63
2017-11,Fintech,1.96
2017-11,Health/Biotech,6.79
2017-11,Climate/Energy,0.33
2017-11,Gaming,2.83
2017-11,Mobile,2.83
2017-11,Data/Analytics,1.74
2017-11,Devtools/Infra,4.19
2017-11,Other,5.0
2017-12,Crypto/Web3,2.26
2017-12,AI/ML,8.08
2017-12,Hardware/Robotics,3.23
2017-12,Security,2.26
2017-12,Fintech,2.32
2017-12,Health/Biotech,7.48
2017-12,Climate/Energy,0.27
2017-12,Gaming,2.69
2017-12,Mobile,2.37
2017-12,Data/Analytics,2.21
2017-12,Devtools/Infra,3.82
2017-12,Other,4.79
2018-01,Crypto/Web3,1.6
2018-01,AI/ML,6.56
2018-01,Hardware/Robotics,3.1
2018-01,Security,1.81
2018-01,Fintech,2.07
2018-01,Health/Biotech,5.94
2018-01,Climate/Energy,0.57
2018-01,Gaming,1.29
2018-01,Mobile,2.33
2018-01,Data/Analytics,2.33
2018-01,Devtools/Infra,3.51
2018-01,Other,3.15
2018-02,Crypto/Web3,2.2
2018-02,AI/ML,8.46
2018-02,Hardware/Robotics,2.66
2018-02,Security,2.32
2018-02,Fintech,2.03
2018-02,Health/Biotech,6.72
2018-02,Climate/Energy,0.46
2018-02,Gaming,3.24
2018-02,Mobile,3.07
2018-02,Data/Analytics,2.32
2018-02,Devtools/Infra,4.0
2018-02,Other,5.21
2018-03,Crypto/Web3,1.48
2018-03,AI/ML,6.5
2018-03,Hardware/Robotics,2.81
2018-03,Security,2.1
2018-03,Fintech,1.33
2018-03,Health/Biotech,6.7
2018-03,Climate/Energy,0.2
2018-03,Gaming,1.64
2018-03,Mobile,2.56
2018-03,Data/Analytics,1.79
2018-03,Devtools/Infra,4.04
2018-03,Other,4.5
2018-04,Crypto/Web3,1.82
2018-04,AI/ML,8.29
2018-04,Hardware/Robotics,2.63
2018-04,Security,2.38
2018-04,Fintech,2.32
2018-04,Health/Biotech,7.18
2018-04,Climate/Energy,0.76
2018-04,Gaming,1.92
2018-04,Mobile,2.12
2018-04,Data/Analytics,1.72
2018-04,Devtools/Infra,3.99
2018-04,Other,4.14
2018-05,Crypto/Web3,3.05
2018-05,AI/ML,7.41
2018-05,Hardware/Robotics,2.34
2018-05,Security,2.13
2018-05,Fintech,2.34
2018-05,Health/Biotech,6.8
2018-05,Climate/Energy,0.61
2018-05,Gaming,2.39
2018-05,Mobile,3.1
2018-05,Data/Analytics,1.52
2018-05,Devtools/Infra,3.96
2018-05,Other,4.87
2018-06,Crypto/Web3,2.28
2018-06,AI/ML,7.61
2018-06,Hardware/Robotics,2.07
2018-06,Security,2.18
2018-06,Fintech,2.23
2018-06,Health/Biotech,7.04
2018-06,Climate/Energy,0.67
2018-06,Gaming,1.86
2018-06,Mobile,2.43
2018-06,Data/Analytics,2.18
2018-06,Devtools/Infra,4.35
2018-06,Other,4.61
2018-07,Crypto/Web3,2.46
2018-07,AI/ML,7.82
2018-07,Hardware/Robotics,2.57
2018-07,Security,2.09
2018-07,Fintech,1.93
2018-07,Health/Biotech,7.39
2018-07,Climate/Energy,0.54
2018-07,Gaming,1.98
2018-07,Mobile,2.84
2018-07,Data/Analytics,1.45
2018-07,Devtools/Infra,4.28
2018-07,Other,3.96
2018-08,Crypto/Web3,2.46
2018-08,AI/ML,9.02
2018-08,Hardware/Robotics,3.41
2018-08,Security,2.78
2018-08,Fintech,2.67
2018-08,Health/Biotech,8.23
2018-08,Climate/Energy,0.84
2018-08,Gaming,2.1
2018-08,Mobile,3.25
2018-08,Data/Analytics,1.63
2018-08,Devtools/Infra,3.99
2018-08,Other,4.4
2018-09,Crypto/Web3,2.18
2018-09,AI/ML,7.43
2018-09,Hardware/Robotics,2.79
2018-09,Security,2.46
2018-09,Fintech,2.24
2018-09,Health/Biotech,6.17
2018-09,Climate/Energy,0.38
2018-09,Gaming,1.86
2018-09,Mobile,2.73
2018-09,Data/Analytics,1.64
2018-09,Devtools/Infra,3.6
2018-09,Other,4.26
2018-10,Crypto/Web3,2.35
2018-10,AI/ML,7.0
2018-10,Hardware/Robotics,2.85
2018-10,Security,2.45
2018-10,Fintech,2.05
2018-10,Health/Biotech,7.25
2018-10,Climate/Energy,0.9
2018-10,Gaming,2.45
2018-10,Mobile,2.85
2018-10,Data/Analytics,1.35
2018-10,Devtools/Infra,4.15
2018-10,Other,4.65
2018-11,Crypto/Web3,2.69
2018-11,AI/ML,8.13
2018-11,Hardware/Robotics,2.69
2018-11,Security,3.23
2018-11,Fintech,2.32
2018-11,Health/Biotech,6.73
2018-11,Climate/Energy,0.75
2018-11,Gaming,2.48
2018-11,Mobile,3.39
2018-11,Data/Analytics,2.75
2018-11,Devtools/Infra,4.47
2018-11,Other,4.85
2018-12,Crypto/Web3,1.6
2018-12,AI/ML,8.08
2018-12,Hardware/Robotics,2.89
2018-12,Security,3.1
2018-12,Fintech,2.51
2018-12,Health/Biotech,6.85
2018-12,Climate/Energy,0.8
2018-12,Gaming,2.62
2018-12,Mobile,2.14
2018-12,Data/Analytics,1.55
2018-12,Devtools/Infra,4.17
2018-12,Other,4.17
2019-01,Crypto/Web3,1.84
2019-01,AI/ML,7.66
2019-01,Hardware/Robotics,3.12
2019-01,Security,2.36
2019-01,Fintech,1.84
2019-01,Health/Biotech,6.05
2019-01,Climate/Energy,0.66
2019-01,Gaming,2.46
2019-01,Mobile,2.27
2019-01,Data/Analytics,1.18
2019-01,Devtools/Infra,3.5
2019-01,Other,3.26
2019-02,Crypto/Web3,1.33
2019-02,AI/ML,7.54
2019-02,Hardware/Robotics,3.13
2019-02,Security,2.34
2019-02,Fintech,1.96
2019-02,Health/Biotech,6.47
2019-02,Climate/Energy,0.64
2019-02,Gaming,2.44
2019-02,Mobile,2.44
2019-02,Data/Analytics,1.49
2019-02,Devtools/Infra,3.4
2019-02,Other,3.66
2019-03,Crypto/Web3,1.72
2019-03,AI/ML,6.38
2019-03,Hardware/Robotics,2.54
2019-03,Security,2.04
2019-03,Fintech,1.77
2019-03,Health/Biotech,6.7
2019-03,Climate/Energy,0.77
2019-03,Gaming,2.44
2019-03,Mobile,2.04
2019-03,Data/Analytics,1.09
2019-03,Devtools/Infra,3.49
2019-03,Other,2.85
2019-04,Crypto/Web3,1.6
2019-04,AI/ML,6.68
2019-04,Hardware/Robotics,2.26
2019-04,Security,2.16
2019-04,Fintech,1.97
2019-04,Health/Biotech,6.72
2019-04,Climate/Energy,0.61
2019-04,Gaming,1.46
2019-04,Mobile,2.54
2019-04,Data/Analytics,1.74
2019-04,Devtools/Infra,3.15
2019-04,Other,4.0
2019-05,Crypto/Web3,1.43
2019-05,AI/ML,6.29
2019-05,Hardware/Robotics,2.43
2019-05,Security,2.08
2019-05,Fintech,1.48
2019-05,Health/Biotech,7.12
2019-05,Climate/Energy,0.43
2019-05,Gaming,2.34
2019-05,Mobile,2.13
2019-05,Data/Analytics,1.74
2019-05,Devtools/Infra,3.34
2019-05,Other,4.3
2019-06,Crypto/Web3,1.67
2019-06,AI/ML,5.79
2019-06,Hardware/Robotics,2.32
2019-06,Security,1.95
2019-06,Fintech,1.9
2019-06,Health/Biotech,5.05
2019-06,Climate/Energy,0.28
2019-06,Gaming,1.3
2019-06,Mobile,1.99
2019-06,Data/Analytics,1.58
2019-06,Devtools/Infra,4.13
2019-06,Other,2.74
2019-07,Crypto/Web3,1.74
2019-07,AI/ML,7.3
2019-07,Hardware/Robotics,2.39
2019-07,Security,2.29
2019-07,Fintech,2.43
2019-07,Health/Biotech,6.01
2019-07,Climate/Energy,0.5
2019-07,Gaming,1.88
2019-07,Mobile,1.74
2019-07,Data/Analytics,1.47
2019-07,Devtools/Infra,3.53
2019-07,Other,3.53
2019-08,Crypto/Web3,1.41
2019-08,AI/ML,6.54
2019-08,Hardware/Robotics,2.5
2019-08,Security,2.2
2019-08,Fintech,1.71
2019-08,Health/Biotech,5.58
2019-08,Climate/Energy,0.7
2019-08,Gaming,2.02
2019-08,Mobile,1.71
2019-08,Data/Analytics,1.41
2019-08,Devtools/Infra,3.25
2019-08,Other,2.94
2019-09,Crypto/Web3,1.23
2019-09,AI/ML,5.21
2019-09,Hardware/Robotics,1.84
2019-09,Security,1.88
2019-09,Fintech,1.27
2019-09,Health/Biotech,5.51
2019-09,Climate/Energy,0.18
2019-09,Gaming,1.53
2019-09,Mobile,1.97
2019-09,Data/Analytics,1.18
2019-09,Devtools/Infra,2.89
2019-09,Other,1.93
2019-10,Crypto/Web3,1.56
2019-10,AI/ML,6.25
2019-10,Hardware/Robotics,2.2
2019-10,Security,2.28
2019-10,Fintech,1.92
2019-10,Health/Biotech,4.89
2019-10,Climate/Energy,0.36
2019-10,Gaming,1.64
2019-10,Mobile,1.56
2019-10,Data/Analytics,1.28
2019-10,Devtools/Infra,2.45
2019-10,Other,2.45
2019-11,Crypto/Web3,1.24
2019-11,AI/ML,5.61
2019-11,Hardware/Robotics,2.71
2019-11,Security,1.98
2019-11,Fintech,1.56
2019-11,Health/Biotech,5.29
2019-11,Climate/Energy,0.37
2019-11,Gaming,1.38
2019-11,Mobile,2.35
2019-11,Data/Analytics,1.47
2019-11,Devtools/Infra,2.81
2019-11,Other,2.12
2019-12,Crypto/Web3,1.27
2019-12,AI/ML,5.47
2019-12,Hardware/Robotics,2.22
2019-12,Security,2.97
2019-12,Fintech,1.46
2019-12,Health/Biotech,4.52
2019-12,Climate/Energy,0.71
2019-12,Gaming,1.27
2019-12,Mobile,1.7
2019-12,Data/Analytics,1.13
2019-12,Devtools/Infra,2.4
2019-12,Other,2.5
2020-01,Crypto/Web3,0.76
2020-01,AI/ML,4.83
2020-01,Hardware/Robotics,2.16
2020-01,Security,2.03
2020-01,Fintech,1.4
2020-01,Health/Biotech,4.23
2020-01,Climate/Energy,0.34
2020-01,Gaming,1.19
2020-01,Mobile,1.82
2020-01,Data/Analytics,1.23
2020-01,Devtools/Infra,2.33
2020-01,Other,1.99
2020-02,Crypto/Web3,1.07
2020-02,AI/ML,5.49
2020-02,Hardware/Robotics,2.23
2020-02,Security,2.38
2020-02,Fintech,1.41
2020-02,Health/Biotech,5.05
2020-02,Climate/Energy,0.39
2020-02,Gaming,1.26
2020-02,Mobile,2.19
2020-02,Data/Analytics,1.21
2020-02,Devtools/Infra,2.96
2020-02,Other,2.53
2020-03,Crypto/Web3,1.04
2020-03,AI/ML,5.26
2020-03,Hardware/Robotics,2.28
2020-03,Security,1.9
2020-03,Fintech,1.57
2020-03,Health/Biotech,4.22
2020-03,Climate/Energy,0.41
2020-03,Gaming,1.2
2020-03,Mobile,2.07
2020-03,Data/Analytics,1.32
2020-03,Devtools/Infra,2.82
2020-03,Other,2.65
2020-04,Crypto/Web3,0.57
2020-04,AI/ML,4.42
2020-04,Hardware/Robotics,1.31
2020-04,Security,1.47
2020-04,Fintech,0.98
2020-04,Health/Biotech,2.91
2020-04,Climate/Energy,0.37
2020-04,Gaming,1.11
2020-04,Mobile,1.19
2020-04,Data/Analytics,0.7
2020-04,Devtools/Infra,1.43
2020-04,Other,2.25
2020-05,Crypto/Web3,0.53
2020-05,AI/ML,3.88
2020-05,Hardware/Robotics,1.37
2020-05,Security,1.34
2020-05,Fintech,0.92
2020-05,Health/Biotech,3.17
2020-05,Climate/Energy,0.11
2020-05,Gaming,1.02
2020-05,Mobile,1.02
2020-05,Data/Analytics,0.53
2020-05,Devtools/Infra,1.66
2020-05,Other,2.08
2020-06,Crypto/Web3,0.88
2020-06,AI/ML,3.9
2020-06,Hardware/Robotics,1.47
2020-06,Security,1.18
2020-06,Fintech,0.96
2020-06,Health/Biotech,3.57
2020-06,Climate/Energy,0.15
2020-06,Gaming,0.55
2020-06,Mobile,1.4
2020-06,Data/Analytics,0.74
2020-06,Devtools/Infra,1.99
2020-06,Other,1.84
2020-07,Crypto/Web3,0.85
2020-07,AI/ML,4.08
2020-07,Hardware/Robotics,1.52
2020-07,Security,1.41
2020-07,Fintech,1.11
2020-07,Health/Biotech,2.85
2020-07,Climate/Energy,0.3
2020-07,Gaming,0.82
2020-07,Mobile,1.52
2020-07,Data/Analytics,0.82
2020-07,Devtools/Infra,2.71
2020-07,Other,2.0
2020-08,Crypto/Web3,0.88
2020-08,AI/ML,4.45
2020-08,Hardware/Robotics,1.2
2020-08,Security,1.9
2020-08,Fintech,1.39
2020-08,Health/Biotech,3.72
2020-08,Climate/Energy,0.44
2020-08,Gaming,1.31
2020-08,Mobile,1.35
2020-08,Data/Analytics,0.84
2020-08,Devtools/Infra,3.39
2020-08,Other,2.55
2020-09,Crypto/Web3,0.8
2020-09,AI/ML,5.09
2020-09,Hardware/Robotics,1.67
2020-09,Security,1.71
2020-09,Fintech,1.18
2020-09,Health/Biotech,3.27
2020-09,Climate/Energy,0.3
2020-09,Gaming,0.87
2020-09,Mobile,1.29
2020-09,Data/Analytics,1.14
2020-09,Devtools/Infra,3.0
2020-09,Other,2.51
2020-10,Crypto/Web3,1.02
2020-10,AI/ML,5.6
2020-10,Hardware/Robotics,1.63
2020-10,Security,1.89
2020-10,Fintech,1.06
2020-10,Health/Biotech,4.66
2020-10,Climate/Energy,0.57
2020-10,Gaming,1.48
2020-10,Mobile,1.89
2020-10,Data/Analytics,0.91
2020-10,Devtools/Infra,3.37
2020-10,Other,2.88
2020-11,Crypto/Web3,0.96
2020-11,AI/ML,5.24
2020-11,Hardware/Robotics,1.7
2020-11,Security,1.96
2020-11,Fintech,1.23
2020-11,Health/Biotech,5.16
2020-11,Climate/Energy,0.42
2020-11,Gaming,1.43
2020-11,Mobile,1.73
2020-11,Data/Analytics,0.85
2020-11,Devtools/Infra,2.89
2020-11,Other,3.12
2020-12,Crypto/Web3,0.87
2020-12,AI/ML,4.81
2020-12,Hardware/Robotics,1.59
2020-12,Security,2.08
2020-12,Fintech,1.0
2020-12,Health/Biotech,3.81
2020-12,Climate/Energy,0.59
2020-12,Gaming,1.21
2020-12,Mobile,1.52
2020-12,Data/Analytics,0.76
2020-12,Devtools/Infra,3.22
2020-12,Other,2.29
2021-01,Crypto/Web3,0.9
2021-01,AI/ML,3.95
2021-01,Hardware/Robotics,0.93
2021-01,Security,1.48
2021-01,Fintech,1.27
2021-01,Health/Biotech,3.89
2021-01,Climate/Energy,0.54
2021-01,Gaming,0.93
2021-01,Mobile,1.33
2021-01,Data/Analytics,0.84
2021-01,Devtools/Infra,2.92
2021-01,Other,2.23
2021-02,Crypto/Web3,1.26
2021-02,AI/ML,6.57
2021-02,Hardware/Robotics,2.19
2021-02,Security,2.34
2021-02,Fintech,1.71
2021-02,Health/Biotech,6.13
2021-02,Climate/Energy,0.56
2021-02,Gaming,1.34
2021-02,Mobile,1.93
2021-02,Data/Analytics,1.71
2021-02,Devtools/Infra,3.68
2021-02,Other,3.79
2021-03,Crypto/Web3,1.47
2021-03,AI/ML,5.38
2021-03,Hardware/Robotics,2.09
2021-03,Security,1.47
2021-03,Fintech,1.4
2021-03,Health/Biotech,5.57
2021-03,Climate/Energy,0.46
2021-03,Gaming,1.43
2021-03,Mobile,2.09
2021-03,Data/Analytics,1.17
2021-03,Devtools/Infra,3.78
2021-03,Other,3.16
2021-04,Crypto/Web3,1.34
2021-04,AI/ML,5.36
2021-04,Hardware/Robotics,1.74
2021-04,Security,2.48
2021-04,Fintech,2.04
2021-04,Health/Biotech,5.59
2021-04,Climate/Energy,0.57
2021-04,Gaming,1.64
2021-04,Mobile,1.67
2021-04,Data/Analytics,1.11
2021-04,Devtools/Infra,3.38
2021-04,Other,2.48
2021-05,Crypto/Web3,1.4
2021-05,AI/ML,4.65
2021-05,Hardware/Robotics,1.93
2021-05,Security,1.99
2021-05,Fintech,1.43
2021-05,Health/Biotech,6.35
2021-05,Climate/Energy,0.63
2021-05,Gaming,1.46
2021-05,Mobile,1.83
2021-05,Data/Analytics,0.93
2021-05,Devtools/Infra,3.02
2021-05,Other,2.49
2021-06,Crypto/Web3,1.47
2021-06,AI/ML,5.52
2021-06,Hardware/Robotics,1.94
2021-06,Security,2.14
2021-06,Fintech,1.7
2021-06,Health/Biotech,5.82
2021-06,Climate/Energy,0.97
2021-06,Gaming,1.37
2021-06,Mobile,2.14
2021-06,Data/Analytics,1.37
2021-06,Devtools/Infra,3.78
2021-06,Other,3.11
2021-07,Crypto/Web3,1.73
2021-07,AI/ML,6.17
2021-07,Hardware/Robotics,1.76
2021-07,Security,2.08
2021-07,Fintech,1.48
2021-07,Health/Biotech,6.03
2021-07,Climate/Energy,0.71
2021-07,Gaming,1.52
2021-07,Mobile,1.76
2021-07,Data/Analytics,1.16
2021-07,Devtools/Infra,3.39
2021-07,Other,3.21
2021-08,Crypto/Web3,1.63
2021-08,AI/ML,4.7
2021-08,Hardware/Robotics,1.89
2021-08,Security,2.06
2021-08,Fintech,1.37
2021-08,Health/Biotech,5.33
2021-08,Climate/Energy,0.56
2021-08,Gaming,1.05
2021-08,Mobile,1.24
2021-08,Data/Analytics,1.44
2021-08,Devtools/Infra,3.37
2021-08,Other,2.65
2021-09,Crypto/Web3,1.64
2021-09,AI/ML,5.57
2021-09,Hardware/Robotics,2.33
2021-09,Security,2.02
2021-09,Fintech,2.15
2021-09,Health/Biotech,5.47
2021-09,Climate/Energy,0.55
2021-09,Gaming,1.44
2021-09,Mobile,1.95
2021-09,Data/Analytics,1.5
2021-09,Devtools/Infra,3.25
2021-09,Other,2.87
2021-10,Crypto/Web3,1.55
2021-10,AI/ML,4.66
2021-10,Hardware/Robotics,2.02
2021-10,Security,1.88
2021-10,Fintech,1.39
2021-10,Health/Biotech,4.43
2021-10,Climate/Energy,0.63
2021-10,Gaming,1.22
2021-10,Mobile,1.85
2021-10,Data/Analytics,1.06
2021-10,Devtools/Infra,2.48
2021-10,Other,2.35
2021-11,Crypto/Web3,1.95
2021-11,AI/ML,5.0
2021-11,Hardware/Robotics,1.95
2021-11,Security,2.53
2021-11,Fintech,2.02
2021-11,Health/Biotech,5.95
2021-11,Climate/Energy,0.72
2021-11,Gaming,2.02
2021-11,Mobile,1.74
2021-11,Data/Analytics,1.37
2021-11,Devtools/Infra,3.52
2021-11,Other,3.22
2021-12,Crypto/Web3,1.49
2021-12,AI/ML,4.73
2021-12,Hardware/Robotics,1.65
2021-12,Security,1.75
2021-12,Fintech,1.49
2021-12,Health/Biotech,3.83
2021-12,Climate/Energy,0.52
2021-12,Gaming,1.43
2021-12,Mobile,1.43
2021-12,Data/Analytics,0.88
2021-12,Devtools/Infra,2.53
2021-12,Other,2.33
2022-01,Crypto/Web3,1.34
2022-01,AI/ML,3.25
2022-01,Hardware/Robotics,1.28
2022-01,Security,1.14
2022-01,Fintech,1.28
2022-01,Health/Biotech,3.67
2022-01,Climate/Energy,0.63
2022-01,Gaming,1.14
2022-01,Mobile,0.8
2022-01,Data/Analytics,0.63
2022-01,Devtools/Infra,2.14
2022-01,Other,1.6
2022-02,Crypto/Web3,1.8
2022-02,AI/ML,4.92
2022-02,Hardware/Robotics,1.87
2022-02,Security,1.71
2022-02,Fintech,1.57
2022-02,Health/Biotech,4.99
2022-02,Climate/Energy,0.72
2022-02,Gaming,1.67
2022-02,Mobile,1.48
2022-02,Data/Analytics,0.95
2022-02,Devtools/Infra,2.62
2022-02,Other,2.0
2022-03,Crypto/Web3,1.73
2022-03,AI/ML,4.88
2022-03,Hardware/Robotics,1.7
2022-03,Security,2.21
2022-03,Fintech,1.51
2022-03,Health/Biotech,4.6
2022-03,Climate/Energy,0.63
2022-03,Gaming,1.67
2022-03,Mobile,1.26
2022-03,Data/Analytics,0.82
2022-03,Devtools/Infra,2.14
2022-03,Other,1.67
2022-04,Crypto/Web3,1.68
2022-04,AI/ML,4.72
2022-04,Hardware/Robotics,1.78
2022-04,Security,2.18
2022-04,Fintech,1.39
2022-04,Health/Biotech,4.26
2022-04,Climate/Energy,0.66
2022-04,Gaming,1.22
2022-04,Mobile,1.35
2022-04,Data/Analytics,1.19
2022-04,Devtools/Infra,2.41
2022-04,Other,1.72
2022-05,Crypto/Web3,1.55
2022-05,AI/ML,5.04
2022-05,Hardware/Robotics,1.84
2022-05,Security,1.75
2022-05,Fintech,1.58
2022-05,Health/Biotech,4.14
2022-05,Climate/Energy,0.58
2022-05,Gaming,1.16
2022-05,Mobile,1.0
2022-05,Data/Analytics,0.84
2022-05,Devtools/Infra,2.91
2022-05,Other,2.17
2022-06,Crypto/Web3,1.7
2022-06,AI/ML,4.35
2022-06,Hardware/Robotics,1.74
2022-06,Security,1.96
2022-06,Fintech,1.36
2022-06,Health/Biotech,4.1
2022-06,Climate/Energy,0.47
2022-06,Gaming,0.98
2022-06,Mobile,1.07
2022-06,Data/Analytics,0.95
2022-06,Devtools/Infra,1.99
2022-06,Other,2.18
2022-07,Crypto/Web3,1.05
2022-07,AI/ML,3.66
2022-07,Hardware/Robotics,1.24
2022-07,Security,1.15
2022-07,Fintech,0.89
2022-07,Health/Biotech,3.18
2022-07,Climate/Energy,0.38
2022-07,Gaming,0.96
2022-07,Mobile,0.48
2022-07,Data/Analytics,0.51
2022-07,Devtools/Infra,1.72
2022-07,Other,1.46
2022-08,Crypto/Web3,0.9
2022-08,AI/ML,4.11
2022-08,Hardware/Robotics,1.49
2022-08,Security,1.21
2022-08,Fintech,0.87
2022-08,Health/Biotech,3.83
2022-08,Climate/Energy,0.5
2022-08,Gaming,0.9
2022-08,Mobile,0.81
2022-08,Data/Analytics,1.0
2022-08,Devtools/Infra,1.93
2022-08,Other,2.18
2022-09,Crypto/Web3,0.62
2022-09,AI/ML,3.72
2022-09,Hardware/Robotics,1.2
2022-09,Security,1.05
2022-09,Fintech,0.92
2022-09,Health/Biotech,2.74
2022-09,Climate/Energy,0.4
2022-09,Gaming,0.95
2022-09,Mobile,0.58
2022-09,Data/Analytics,0.55
2022-09,Devtools/Infra,1.35
2022-09,Other,1.39
2022-10,Crypto/Web3,0.8
2022-10,AI/ML,2.84
2022-10,Hardware/Robotics,1.05
2022-10,Security,1.11
2022-10,Fintech,1.02
2022-10,Health/Biotech,2.41
2022-10,Climate/Energy,0.56
2022-10,Gaming,0.71
2022-10,Mobile,0.68
2022-10,Data/Analytics,0.46
2022-10,Devtools/Infra,1.14
2022-10,Other,1.33
2022-11,Crypto/Web3,0.87
2022-11,AI/ML,3.69
2022-11,Hardware/Robotics,0.99
2022-11,Security,1.02
2022-11,Fintech,0.76
2022-11,Health/Biotech,2.76
2022-11,Climate/Energy,0.52
2022-11,Gaming,0.73
2022-11,Mobile,0.67
2022-11,Data/Analytics,0.32
2022-11,Devtools/Infra,1.66
2022-11,Other,1.28
2022-12,Crypto/Web3,1.14
2022-12,AI/ML,3.21
2022-12,Hardware/Robotics,0.93
2022-12,Security,0.9
2022-12,Fintech,0.76
2022-12,Health/Biotech,2.33
2022-12,Climate/Energy,0.47
2022-12,Gaming,0.76
2022-12,Mobile,0.5
2022-12,Data/Analytics,0.47
2022-12,Devtools/Infra,1.28
2022-12,Other,1.31
2023-01,Crypto/Web3,0.66
2023-01,AI/ML,2.17
2023-01,Hardware/Robotics,0.8
2023-01,Security,0.54
2023-01,Fintech,0.54
2023-01,Health/Biotech,1.83
2023-01,Climate/Energy,0.34
2023-01,Gaming,0.51
2023-01,Mobile,0.4
2023-01,Data/Analytics,0.49
2023-01,Devtools/Infra,1.06
2023-01,Other,1.06
2023-02,Crypto/Web3,0.89
2023-02,AI/ML,3.48
2023-02,Hardware/Robotics,1.14
2023-02,Security,0.83
2023-02,Fintech,0.68
2023-02,Health/Biotech,2.22
2023-02,Climate/Energy,0.34
2023-02,Gaming,0.65
2023-02,Mobile,0.59
2023-02,Data/Analytics,0.4
2023-02,Devtools/Infra,0.96
2023-02,Other,1.3
2023-03,Crypto/Web3,0.49
2023-03,AI/ML,2.96
2023-03,Hardware/Robotics,0.85
2023-03,Security,0.71
2023-03,Fintech,0.38
2023-03,Health/Biotech,1.78
2023-03,Climate/Energy,0.27
2023-03,Gaming,0.44
2023-03,Mobile,0.44
2023-03,Data/Analytics,0.3
2023-03,Devtools/Infra,1.32
2023-03,Other,1.23
2023-04,Crypto/Web3,0.56
2023-04,AI/ML,2.77
2023-04,Hardware/Robotics,0.68
2023-04,Security,0.56
2023-04,Fintech,0.59
2023-04,Health/Biotech,1.99
2023-04,Climate/Energy,0.28
2023-04,Gaming,0.62
2023-04,Mobile,0.4
2023-04,Data/Analytics,0.31
2023-04,Devtools/Infra,1.03
2023-04,Other,1.18
2023-05,Crypto/Web3,0.43
2023-05,AI/ML,2.88
2023-05,Hardware/Robotics,0.86
2023-05,Security,0.67
2023-05,Fintech,0.46
2023-05,Health/Biotech,1.78
2023-05,Climate/Energy,0.31
2023-05,Gaming,0.4
2023-05,Mobile,0.46
2023-05,Data/Analytics,0.55
2023-05,Devtools/Infra,0.77
2023-05,Other,0.92
2023-06,Crypto/Web3,0.66
2023-06,AI/ML,2.42
2023-06,Hardware/Robotics,0.6
2023-06,Security,0.6
2023-06,Fintech,0.52
2023-06,Health/Biotech,1.79
2023-06,Climate/Energy,0.17
2023-06,Gaming,0.37
2023-06,Mobile,0.37
2023-06,Data/Analytics,0.43
2023-06,Devtools/Infra,0.72
2023-06,Other,0.86
2023-07,Crypto/Web3,0.4
2023-07,AI/ML,2.44
2023-07,Hardware/Robotics,0.45
2023-07,Security,0.54
2023-07,Fintech,0.43
2023-07,Health/Biotech,1.28
2023-07,Climate/Energy,0.34
2023-07,Gaming,0.37
2023-07,Mobile,0.2
2023-07,Data/Analytics,0.2
2023-07,Devtools/Infra,0.94
2023-07,Other,1.11
2023-08,Crypto/Web3,0.41
2023-08,AI/ML,2.65
2023-08,Hardware/Robotics,0.7
2023-08,Security,0.5
2023-08,Fintech,0.82
2023-08,Health/Biotech,1.75
2023-08,Climate/Energy,0.29
2023-08,Gaming,0.58
2023-08,Mobile,0.23
2023-08,Data/Analytics,0.29
2023-08,Devtools/Infra,1.02
2023-08,Other,0.79
2023-09,Crypto/Web3,0.25
2023-09,AI/ML,3.02
2023-09,Hardware/Robotics,0.62
2023-09,Security,0.37
2023-09,Fintech,0.59
2023-09,Health/Biotech,1.42
2023-09,Climate/Energy,0.59
2023-09,Gaming,0.43
2023-09,Mobile,0.25
2023-09,Data/Analytics,0.22
2023-09,Devtools/Infra,0.71
2023-09,Other,0.68
2023-10,Crypto/Web3,0.25
2023-10,AI/ML,3.13
2023-10,Hardware/Robotics,0.59
2023-10,Security,0.62
2023-10,Fintech,0.5
2023-10,Health/Biotech,1.55
2023-10,Climate/Energy,0.28
2023-10,Gaming,0.34
2023-10,Mobile,0.37
2023-10,Data/Analytics,0.22
2023-10,Devtools/Infra,0.96
2023-10,Other,1.15
2023-11,Crypto/Web3,0.3
2023-11,AI/ML,3.27
2023-11,Hardware/Robotics,0.95
2023-11,Security,0.59
2023-11,Fintech,0.36
2023-11,Health/Biotech,1.66
2023-11,Climate/Energy,0.27
2023-11,Gaming,0.39
2023-11,Mobile,0.45
2023-11,Data/Analytics,0.36
2023-11,Devtools/Infra,0.86
2023-11,Other,1.31
2023-12,Crypto/Web3,0.13
2023-12,AI/ML,3.33
2023-12,Hardware/Robotics,0.57
2023-12,Security,0.67
2023-12,Fintech,0.47
2023-12,Health/Biotech,1.67
2023-12,Climate/Energy,0.4
2023-12,Gaming,0.47
2023-12,Mobile,0.33
2023-12,Data/Analytics,0.27
2023-12,Devtools/Infra,0.97
2023-12,Other,1.23
2024-01,Crypto/Web3,0.24
2024-01,AI/ML,3.16
2024-01,Hardware/Robotics,0.52
2024-01,Security,0.46
2024-01,Fintech,0.27
2024-01,Health/Biotech,1.28
2024-01,Climate/Energy,0.3
2024-01,Gaming,0.33
2024-01,Mobile,0.09
2024-01,Data/Analytics,0.27
2024-01,Devtools/Infra,0.76
2024-01,Other,0.76
2024-02,Crypto/Web3,0.37
2024-02,AI/ML,3.5
2024-02,Hardware/Robotics,0.81
2024-02,Security,0.74
2024-02,Fintech,0.5
2024-02,Health/Biotech,1.68
2024-02,Climate/Energy,0.4
2024-02,Gaming,0.44
2024-02,Mobile,0.2
2024-02,Data/Analytics,0.44
2024-02,Devtools/Infra,1.14
2024-02,Other,1.28
2024-03,Crypto/Web3,0.54
2024-03,AI/ML,3.72
2024-03,Hardware/Robotics,0.79
2024-03,Security,0.71
2024-03,Fintech,0.46
2024-03,Health/Biotech,1.39
2024-03,Climate/Energy,0.39
2024-03,Gaming,0.43
2024-03,Mobile,0.46
2024-03,Data/Analytics,0.21
2024-03,Devtools/Infra,0.75
2024-03,Other,0.86
2024-04,Crypto/Web3,0.74
2024-04,AI/ML,3.65
2024-04,Hardware/Robotics,0.81
2024-04,Security,0.48
2024-04,Fintech,0.66
2024-04,Health/Biotech,1.47
2024-04,Climate/Energy,0.55
2024-04,Gaming,0.22
2024-04,Mobile,0.22
2024-04,Data/Analytics,0.26
2024-04,Devtools/Infra,0.66
2024-04,Other,0.99
2024-05,Crypto/Web3,0.59
2024-05,AI/ML,5.05
2024-05,Hardware/Robotics,0.92
2024-05,Security,0.74
2024-05,Fintech,0.77
2024-05,Health/Biotech,1.95
2024-05,Climate/Energy,0.44
2024-05,Gaming,0.52
2024-05,Mobile,0.18
2024-05,Data/Analytics,0.3
2024-05,Devtools/Infra,1.29
2024-05,Other,1.92
2024-06,Crypto/Web3,0.4
2024-06,AI/ML,5.2
2024-06,Hardware/Robotics,0.64
2024-06,Security,0.83
2024-06,Fintech,0.48
2024-06,Health/Biotech,2.1
2024-06,Climate/Energy,0.52
2024-06,Gaming,0.44
2024-06,Mobile,0.4
2024-06,Data/Analytics,0.48
2024-06,Devtools/Infra,1.15
2024-06,Other,0.91
2024-07,Crypto/Web3,0.77
2024-07,AI/ML,6.1
2024-07,Hardware/Robotics,0.77
2024-07,Security,1.03
2024-07,Fintech,0.94
2024-07,Health/Biotech,1.98
2024-07,Climate/Energy,0.56
2024-07,Gaming,0.6
2024-07,Mobile,0.47
2024-07,Data/Analytics,0.6
2024-07,Devtools/Infra,1.33
2024-07,Other,1.25
2024-08,Crypto/Web3,0.72
2024-08,AI/ML,5.47
2024-08,Hardware/Robotics,0.76
2024-08,Security,0.59
2024-08,Fintech,0.63
2024-08,Health/Biotech,1.77
2024-08,Climate/Energy,0.38
2024-08,Gaming,0.59
2024-08,Mobile,0.34
2024-08,Data/Analytics,0.29
2024-08,Devtools/Infra,1.31
2024-08,Other,0.93
2024-09,Crypto/Web3,0.59
2024-09,AI/ML,4.99
2024-09,Hardware/Robotics,0.71
2024-09,Security,0.71
2024-09,Fintech,0.46
2024-09,Health/Biotech,1.89
2024-09,Climate/Energy,0.25
2024-09,Gaming,0.42
2024-09,Mobile,0.25
2024-09,Data/Analytics,0.46
2024-09,Devtools/Infra,1.05
2024-09,Other,1.01
2024-10,Crypto/Web3,0.63
2024-10,AI/ML,4.48
2024-10,Hardware/Robotics,0.71
2024-10,Security,0.79
2024-10,Fintech,0.59
2024-10,Health/Biotech,1.85
2024-10,Climate/Energy,0.51
2024-10,Gaming,0.31
2024-10,Mobile,0.47
2024-10,Data/Analytics,0.51
2024-10,Devtools/Infra,1.18
2024-10,Other,1.02
2024-11,Crypto/Web3,0.63
2024-11,AI/ML,6.03
2024-11,Hardware/Robotics,0.76
2024-11,Security,0.94
2024-11,Fintech,0.67
2024-11,Health/Biotech,1.7
2024-11,Climate/Energy,0.27
2024-11,Gaming,0.18
2024-11,Mobile,0.4
2024-11,Data/Analytics,0.45
2024-11,Devtools/Infra,0.98
2024-11,Other,1.25
2024-12,Crypto/Web3,0.61
2024-12,AI/ML,5.93
2024-12,Hardware/Robotics,0.52
2024-12,Security,0.57
2024-12,Fintech,0.57
2024-12,Health/Biotech,1.83
2024-12,Climate/Energy,0.31
2024-12,Gaming,0.57
2024-12,Mobile,0.26
2024-12,Data/Analytics,0.48
2024-12,Devtools/Infra,1.05
2024-12,Other,1.79
2025-01,Crypto/Web3,0.47
2025-01,AI/ML,4.33
2025-01,Hardware/Robotics,0.47
2025-01,Security,0.51
2025-01,Fintech,0.54
2025-01,Health/Biotech,1.3
2025-01,Climate/Energy,0.22
2025-01,Gaming,0.25
2025-01,Mobile,0.22
2025-01,Data/Analytics,0.29
2025-01,Devtools/Infra,0.65
2025-01,Other,0.79
2025-02,Crypto/Web3,0.86
2025-02,AI/ML,5.96
2025-02,Hardware/Robotics,0.71
2025-02,Security,0.82
2025-02,Fintech,0.63
2025-02,Health/Biotech,2.23
2025-02,Climate/Energy,0.52
2025-02,Gaming,0.48
2025-02,Mobile,0.34
2025-02,Data/Analytics,0.37
2025-02,Devtools/Infra,0.93
2025-02,Other,1.08
2025-03,Crypto/Web3,0.55
2025-03,AI/ML,6.02
2025-03,Hardware/Robotics,0.59
2025-03,Security,0.52
2025-03,Fintech,0.66
2025-03,Health/Biotech,1.44
2025-03,Climate/Energy,0.37
2025-03,Gaming,0.37
2025-03,Mobile,0.37
2025-03,Data/Analytics,0.26
2025-03,Devtools/Infra,1.03
2025-03,Other,1.03
2025-04,Crypto/Web3,0.39
2025-04,AI/ML,6.12
2025-04,Hardware/Robotics,0.67
2025-04,Security,0.39
2025-04,Fintech,0.55
2025-04,Health/Biotech,1.26
2025-04,Climate/Energy,0.47
2025-04,Gaming,0.31
2025-04,Mobile,0.24
2025-04,Data/Analytics,0.12
2025-04,Devtools/Infra,0.86
2025-04,Other,0.86
2025-05,Crypto/Web3,0.58
2025-05,AI/ML,5.9
2025-05,Hardware/Robotics,0.58
2025-05,Security,0.78
2025-05,Fintech,0.45
2025-05,Health/Biotech,1.57
2025-05,Climate/Energy,0.25
2025-05,Gaming,0.45
2025-05,Mobile,0.17
2025-05,Data/Analytics,0.25
2025-05,Devtools/Infra,0.99
2025-05,Other,0.62
2025-06,Crypto/Web3,0.61
2025-06,AI/ML,7.4
2025-06,Hardware/Robotics,0.69
2025-06,Security,0.82
2025-06,Fintech,0.74
2025-06,Health/Biotech,1.64
2025-06,Climate/Energy,0.17
2025-06,Gaming,0.39
2025-06,Mobile,0.3
2025-06,Data/Analytics,0.69
2025-06,Devtools/Infra,1.26
2025-06,Other,1.13
2025-07,Crypto/Web3,0.37
2025-07,AI/ML,6.33
2025-07,Hardware/Robotics,0.59
2025-07,Security,0.55
2025-07,Fintech,0.41
2025-07,Health/Biotech,1.22
2025-07,Climate/Energy,0.22
2025-07,Gaming,0.29
2025-07,Mobile,0.22
2025-07,Data/Analytics,0.41
2025-07,Devtools/Infra,0.96
2025-07,Other,0.77
2025-08,Crypto/Web3,0.35
2025-08,AI/ML,5.78
2025-08,Hardware/Robotics,0.48
2025-08,Security,0.35
2025-08,Fintech,0.35
2025-08,Health/Biotech,0.93
2025-08,Climate/Energy,0.21
2025-08,Gaming,0.31
2025-08,Mobile,0.03
2025-08,Data/Analytics,0.38
2025-08,Devtools/Infra,0.69
2025-08,Other,0.87
2025-09,Crypto/Web3,0.41
2025-09,AI/ML,5.45
2025-09,Hardware/Robotics,0.58
2025-09,Security,0.37
2025-09,Fintech,0.24
2025-09,Health/Biotech,0.89
2025-09,Climate/Energy,0.24
2025-09,Gaming,0.34
2025-09,Mobile,0.07
2025-09,Data/Analytics,0.37
2025-09,Devtools/Infra,0.82
2025-09,Other,0.58
2025-10,Crypto/Web3,0.81
2025-10,AI/ML,6.69
2025-10,Hardware/Robotics,0.27
2025-10,Security,0.54
2025-10,Fintech,0.31
2025-10,Health/Biotech,0.95
2025-10,Climate/Energy,0.1
2025-10,Gaming,0.48
2025-10,Mobile,0.14
2025-10,Data/Analytics,0.24
2025-10,Devtools/Infra,0.61
2025-10,Other,0.58
2025-11,Crypto/Web3,0.62
2025-11,AI/ML,8.25
2025-11,Hardware/Robotics,0.4
2025-11,Security,0.69
2025-11,Fintech,0.76
2025-11,Health/Biotech,1.09
2025-11,Climate/Energy,0.15
2025-11,Gaming,0.25
2025-11,Mobile,0.15
2025-11,Data/Analytics,0.29
2025-11,Devtools/Infra,0.91
2025-11,Other,0.8
2025-12,Crypto/Web3,0.51
2025-12,AI/ML,6.82
2025-12,Hardware/Robotics,0.57
2025-12,Security,0.44
2025-12,Fintech,0.64
2025-12,Health/Biotech,1.18
2025-12,Climate/Energy,0.3
2025-12,Gaming,0.34
2025-12,Mobile,0.13
2025-12,Data/Analytics,0.27
2025-12,Devtools/Infra,0.74
2025-12,Other,0.91
2026-01,Crypto/Web3,0.3
2026-01,AI/ML,4.52
2026-01,Hardware/Robotics,0.27
2026-01,Security,0.27
2026-01,Fintech,0.18
2026-01,Health/Biotech,0.69
2026-01,Climate/Energy,0.06
2026-01,Gaming,0.15
2026-01,Mobile,0.15
2026-01,Data/Analytics,0.36
2026-01,Devtools/Infra,0.57
2026-01,Other,0.48
2026-02,Crypto/Web3,0.57
2026-02,AI/ML,7.77
2026-02,Hardware/Robotics,0.54
2026-02,Security,0.4
2026-02,Fintech,0.44
2026-02,Health/Biotech,1.38
2026-02,Climate/Energy,0.37
2026-02,Gaming,0.13
2026-02,Mobile,0.2
2026-02,Data/Analytics,0.37
2026-02,Devtools/Infra,0.94
2026-02,Other,1.04
2026-03,Crypto/Web3,0.32
2026-03,AI/ML,5.95
2026-03,Hardware/Robotics,0.41
2026-03,Security,0.28
2026-03,Fintech,0.44
2026-03,Health/Biotech,1.04
2026-03,Climate/Energy,0.25
2026-03,Gaming,0.13
2026-03,Mobile,0.13
2026-03,Data/Analytics,0.22
2026-03,Devtools/Infra,0.6
2026-03,Other,0.57
2026-04,Crypto/Web3,0.53
2026-04,AI/ML,6.53
2026-04,Hardware/Robotics,0.36
2026-04,Security,0.49
2026-04,Fintech,0.3
2026-04,Health/Biotech,1.09
2026-04,Climate/Energy,0.16
2026-04,Gaming,0.1
2026-04,Mobile,0.2
2026-04,Data/Analytics,0.16
2026-04,Devtools/Infra,0.69
2026-04,Other,0.49
2026-05,Crypto/Web3,0.39
2026-05,AI/ML,5.51
2026-05,Hardware/Robotics,0.55
2026-05,Security,0.39
2026-05,Fintech,0.29
2026-05,Health/Biotech,1.0
2026-05,Climate/Energy,0.23
2026-05,Gaming,0.19
2026-05,Mobile,0.19
2026-05,Data/Analytics,0.29
2026-05,Devtools/Infra,0.71
2026-05,Other,0.81
2026-06,Crypto/Web3,0.33
2026-06,AI/ML,8.04
2026-06,Hardware/Robotics,0.45
2026-06,Security,0.62
2026-06,Fintech,0.37
2026-06,Health/Biotech,0.82
2026-06,Climate/Energy,0.25
2026-06,Gaming,0.21
2026-06,Mobile,0.08
2026-06,Data/Analytics,0.29
2026-06,Devtools/Infra,0.66
2026-06,Other,1.15
